Workbook

Sheet БД - Задание 2
A1: План работы образовательного учреждения
A2: МБОУ СОШ № 1 г. Краснодара | D2: Ответственный за предоставление: Гулевич Эмилия | G2: Дата подготовки отчёта: | H2: =TODAY() | I2: Подготовлено для печати
A4: № | B4: Тип мероприятия | C4: Название мероприятия | D4: Начало | E4: Окончание | F4: Ответственный (ФИО) | G4: Телефон | H4: Место проведения | I4: Статус
A5: 1 | B5: Нормативы | C5: Сдача ГТО | D5: 46298 | E5: 46298 | F5: Александров А. А. | G5: +7-900-111-22-33 | H5: Стадион «Спартак» | I5: =IF(E5<TODAY(),"Завершено",IF(D5-TODAY()<=3,"Скоро","Запланировано"))
A6: 2 | B6: Кубановедение | C6: Урок «История Кубани» | D6: 46037 | E6: 46037 | F6: Петрова И. С. | G6: +7-900-222-33-44 | H6: Кабинет 204 | I6: =IF(E6<TODAY(),"Завершено",IF(D6-TODAY()<=3,"Скоро","Запланировано"))
A7: 3 | B7: ЕГЭ | C7: Консультация по математике | D7: 46042 | E7: 46042 | F7: Сидоров В. П. | G7: +7-900-333-44-55 | H7: Кабинет 310 | I7: =IF(E7<TODAY(),"Завершено",IF(D7-TODAY()<=3,"Скоро","Запланировано"))
A8: 4 | B8: Воспитательная работа | C8: Классный час «Дружба» | D8: 46056 | E8: 46056 | F8: Иванова Е. Н. | G8: +7-900-444-55-66 | H8: Кабинет 105 | I8: =IF(E8<TODAY(),"Завершено",IF(D8-TODAY()<=3,"Скоро","Запланировано"))
A9: 5 | B9: Кубановедение | C9: Экскурсия в краеведческий музей | D9: 46063 | E9: 46063 | F9: Петрова И. С. | G9: +7-900-222-33-44 | H9: Краеведческий музей | I9: =IF(E9<TODAY(),"Завершено",IF(D9-TODAY()<=3,"Скоро","Запланировано"))
A10: 6 | B10: ЕГЭ | C10: Пробный экзамен по русскому языку | D10: 46071 | E10: 46071 | F10: Кузнецова О. Л. | G10: +7-900-555-66-77 | H10: Кабинет 310 | I10: =IF(E10<TODAY(),"Завершено",IF(D10-TODAY()<=3,"Скоро","Запланировано"))
A11: 7 | B11: Профориентация | C11: Встреча с представителями вузов | D11: 46078 | E11: 46078 | F11: Смирнов Д. А. | G11: +7-900-666-77-88 | H11: Актовый зал | I11: =IF(E11<TODAY(),"Завершено",IF(D11-TODAY()<=3,"Скоро","Запланировано"))
A12: 8 | B12: Нормативы | C12: Сдача норм ГТО (зимний этап) | D12: 46083 | E12: 46085 | F12: Александров А. А. | G12: +7-900-111-22-33 | H12: Спортзал школы | I12: =IF(E12<TODAY(),"Завершено",IF(D12-TODAY()<=3,"Скоро","Запланировано"))
A13: 9 | B13: Родительское собрание | C13: Общешкольное собрание | D13: 46093 | E13: 46093 | F13: Иванова Е. Н. | G13: +7-900-444-55-66 | H13: Актовый зал | I13: =IF(E13<TODAY(),"Завершено",IF(D13-TODAY()<=3,"Скоро","Запланировано"))
A14: 10 | B14: Олимпиада | C14: Школьный этап олимпиады по физике | D14: 46101 | E14: 46101 | F14: Сидоров В. П. | G14: +7-900-333-44-55 | H14: Кабинет 310 | I14: =IF(E14<TODAY(),"Завершено",IF(D14-TODAY()<=3,"Скоро","Запланировано"))
A15: 11 | B15: Кубановедение | C15: Конкурс «Моя малая Родина» | D15: 46117 | E15: 46117 | F15: Петрова И. С. | G15: +7-900-222-33-44 | H15: Актовый зал | I15: =IF(E15<TODAY(),"Завершено",IF(D15-TODAY()<=3,"Скоро","Запланировано"))
A16: 12 | B16: ЕГЭ | C16: Консультация по обществознанию | D16: 46126 | E16: 46126 | F16: Кузнецова О. Л. | G16: +7-900-555-66-77 | H16: Кабинет 212 | I16: =IF(E16<TODAY(),"Завершено",IF(D16-TODAY()<=3,"Скоро","Запланировано"))
... A42: 38 | B42: Профориентация | C42: Профориентационная встреча с выпускниками | D42: 46329 | E42: 46329 | F42: Смирнов Д. А. | G42: +7-900-666-77-88 | H42: Актовый зал | I42: =IF(E42<TODAY(),"Завершено",IF(D42-TODAY()<=3,"Скоро","Запланировано"))
A44: Диапазон критериев для расширенного фильтра
A45: № | B45: Тип мероприятия | C45: Название мероприятия | D45: Начало | E45: Окончание | F45: Ответственный (ФИО) | G45: Телефон | H45: Место проведения | I45: Статус
B46: Профориентация | D46: >=01.10.2026
A48: Статистика мероприятий по месяцам (2026 г.)
A49: Показатель | B49: Янв | C49: Фев | D49: Мар | E49: Апр | F49: Май | G49: Июн | H49: Июл | I49: Авг | J49: Сен | K49: Окт | L49: Ноя | M49: Дек | O49: Тренд
A50: Количество | B50: =COUNTIFS($D$5:$D$42,">="&DATE(2026,1,1),$D$5:$D$42,"<"&DATE(2026,2,1)) | C50: =COUNTIFS($D$5:$D$42,">="&DATE(2026,2,1),$D$5:$D$42,"<"&DATE(2026,3,1)) | D50: =COUNTIFS($D$5:$D$42,">="&DATE(2026,3,1),$D$5:$D$42,"<"&DATE(2026,4,1)) | E50: =COUNTIFS($D$5:$D$42,">="&DATE(2026,4,1),$D$5:$D$42,"<"&DATE(2026,5,1)) | F50: =COUNTIFS($D$5:$D$42,">="&DATE(2026,5,1),$D$5:$D$42,"<"&DATE(2026,6,1)) | G50: =COUNTIFS($D$5:$D$42,">="&DATE(2026,6,1),$D$5:$D$42,"<"&DATE(2026,7,1)) | H50: =COUNTIFS($D$5:$D$42,">="&DATE(2026,7,1),$D$5:$D$42,"<"&DATE(2026,8,1)) | I50: =COUNTIFS($D$5:$D$42,">="&DATE(2026,8,1),$D$5:$D$42,"<"&DATE(2026,9,1)) | J50: =COUNTIFS($D$5:$D$42,">="&DATE(2026,9,1),$D$5:$D$42,"<"&DATE(2026,10,1)) | K50: =COUNTIFS($D$5:$D$42,">="&DATE(2026,10,1),$D$5:$D$42,"<"&DATE(2026,11,1)) | L50: =COUNTIFS($D$5:$D$42,">="&DATE(2026,11,1),$D$5:$D$42,"<"&DATE(2026,12,1)) | M50: =COUNTIFS($D$5:$D$42,">="&DATE(2026,12,1),$D$5:$D$42,"<"&DATE(2026,13,1)) | O50: →

Sheet Отчёт
A1: ОТЧЁТ О ПЛАНЕ РАБОТЫ ОБРАЗОВАТЕЛЬНОГО УЧРЕЖДЕНИЯ
A2: МБОУ СОШ № 1 г. Краснодара
A4: Дата подготовки: | B4: =TODAY() | D4: Ответственный: | E4: Гулевич Эмилия
A6: Всего мероприятий | B6: =COUNTA('БД - Задание 2'!$A$5:$A$42) | C6: Завершено | D6: =COUNTIF('БД - Задание 2'!$I$5:$I$42,"Завершено") | E6: Запланировано / скоро | F6: =COUNTIF('БД - Задание 2'!$I$5:$I$42,"Запланировано")+COUNTIF('БД - Задание 2'!$I$5:$I$42,"Скоро")
A7: Показатель | B7: =COUNTA('БД - Задание 2'!$A$5:$A$42) | C7: Завершено | D7: =COUNTIF('БД - Задание 2'!$I$5:$I$42,"Завершено") | E7: В планах | F7: =COUNTIF('БД - Задание 2'!$I$5:$I$42,"Запланировано")+COUNTIF('БД - Задание 2'!$I$5:$I$42,"Скоро")
A9: По типам мероприятий | D9: По ответственным
A10: Тип мероприятия | B10: Количество | D10: Ответственный | E10: Количество
A11: Воспитательная работа | B11: =COUNTIF('БД - Задание 2'!$B$5:$B$42,A11) | D11: Александров А. А. | E11: =COUNTIF('БД - Задание 2'!$F$5:$F$42,D11)
A12: ЕГЭ | B12: =COUNTIF('БД - Задание 2'!$B$5:$B$42,A12) | D12: Иванова Е. Н. | E12: =COUNTIF('БД - Задание 2'!$F$5:$F$42,D12)
A13: Кубановедение | B13: =COUNTIF('БД - Задание 2'!$B$5:$B$42,A13) | D13: Кузнецова О. Л. | E13: =COUNTIF('БД - Задание 2'!$F$5:$F$42,D13)
A14: Культура | B14: =COUNTIF('БД - Задание 2'!$B$5:$B$42,A14) | D14: Петрова И. С. | E14: =COUNTIF('БД - Задание 2'!$F$5:$F$42,D14)
A15: Нормативы | B15: =COUNTIF('БД - Задание 2'!$B$5:$B$42,A15) | D15: Сидоров В. П. | E15: =COUNTIF('БД - Задание 2'!$F$5:$F$42,D15)
A16: Олимпиада | B16: =COUNTIF('БД - Задание 2'!$B$5:$B$42,A16) | D16: Смирнов Д. А. | E16: =COUNTIF('БД - Задание 2'!$F$5:$F$42,D16)
A17: Профориентация | B17: =COUNTIF('БД - Задание 2'!$B$5:$B$42,A17)
A18: Родительское собрание | B18: =COUNTIF('БД - Задание 2'!$B$5:$B$42,A18)
A19: Спорт | B19: =COUNTIF('БД - Задание 2'!$B$5:$B$42,A19)
A27: Месяц | B27: Количество мероприятий
A28: Янв | B28: =COUNTIFS('БД - Задание 2'!$D$5:$D$42,">="&DATE(2026,1,1),'БД - Задание 2'!$D$5:$D$42,"<"&DATE(2026,2,1))
A29: Фев | B29: =COUNTIFS('БД - Задание 2'!$D$5:$D$42,">="&DATE(2026,2,1),'БД - Задание 2'!$D$5:$D$42,"<"&DATE(2026,3,1))
A30: Мар | B30: =COUNTIFS('БД - Задание 2'!$D$5:$D$42,">="&DATE(2026,3,1),'БД - Задание 2'!$D$5:$D$42,"<"&DATE(2026,4,1))
A31: Апр | B31: =COUNTIFS('БД - Задание 2'!$D$5:$D$42,">="&DATE(2026,4,1),'БД - Задание 2'!$D$5:$D$42,"<"&DATE(2026,5,1))
A32: Май | B32: =COUNTIFS('БД - Задание 2'!$D$5:$D$42,">="&DATE(2026,5,1),'БД - Задание 2'!$D$5:$D$42,"<"&DATE(2026,6,1))
A33: Июн | B33: =COUNTIFS('БД - Задание 2'!$D$5:$D$42,">="&DATE(2026,6,1),'БД - Задание 2'!$D$5:$D$42,"<"&DATE(2026,7,1))
A34: Июл | B34: =COUNTIFS('БД - Задание 2'!$D$5:$D$42,">="&DATE(2026,7,1),'БД - Задание 2'!$D$5:$D$42,"<"&DATE(2026,8,1))
A35: Авг | B35: =COUNTIFS('БД - Задание 2'!$D$5:$D$42,">="&DATE(2026,8,1),'БД - Задание 2'!$D$5:$D$42,"<"&DATE(2026,9,1))
A36: Сен | B36: =COUNTIFS('БД - Задание 2'!$D$5:$D$42,">="&DATE(2026,9,1),'БД - Задание 2'!$D$5:$D$42,"<"&DATE(2026,10,1))
A37: Окт | B37: =COUNTIFS('БД - Задание 2'!$D$5:$D$42,">="&DATE(2026,10,1),'БД - Задание 2'!$D$5:$D$42,"<"&DATE(2026,11,1))
A38: Ноя | B38: =COUNTIFS('БД - Задание 2'!$D$5:$D$42,">="&DATE(2026,11,1),'БД - Задание 2'!$D$5:$D$42,"<"&DATE(2026,12,1))
A39: Дек | B39: =COUNTIFS('БД - Задание 2'!$D$5:$D$42,">="&DATE(2026,12,1),'БД - Задание 2'!$D$5:$D$42,"<"&DATE(2026,13,1))

Sheet Примеры фильтрации
A1: ПРИМЕРЫ СОРТИРОВКИ И ФИЛЬТРАЦИИ
A3: Задача | B3: Как выполнить | C3: Пример условия | D3: Ожидаемый результат
A4: Найти мероприятия определённого типа | B4: Включить фильтр в строке заголовков и выбрать нужный тип | C4: Тип мероприятия = «ЕГЭ» | D4: Останутся мероприятия ЕГЭ
A5: Найти мероприятия конкретного ответственного | B5: В фильтре столбца «Ответственный (ФИО)» выбрать фамилию | C5: Смирнов Д. А. | D5: Показываются только его мероприятия
A6: Сначала ранние даты | B6: Сортировка по столбцу «Начало» от старых к новым | C6: По возрастанию | D6: Календарный порядок мероприятий
A7: Использовать расширенный фильтр | B7: Скопировать заголовки в область критериев и задать условие в строке ниже | C7: Тип = Профориентация; Начало >= 01.10.2026 | D7: Подходящие записи выводятся по критериям
A8: Найти ближайшие мероприятия | B8: Использовать статус и условное форматирование | C8: Статус = «Скоро» | D8: В ближайшие 3 дня выделяются жёлтым

Sheet Методическая разработка
A1: МЕТОДИЧЕСКАЯ РАЗРАБОТКА
A2: Тема: создание и анализ базы данных в MS Excel на примере плана работы школы
A4: Этап | B4: Содержание | C4: Инструменты Excel | D4: Результат
A5: 1. Структура БД | B5: Каждая строка содержит одно мероприятие, каждый столбец — отдельное поле. Заголовки уникальны. | C5: Табличная структура, формат даты и текста | D5: Единая таблица с 38 записями
A6: 2. Сортировка и фильтрация | B6: Использовать автофильтр, сортировку по датам и фильтр по ответственному или типу. | C6: Данные → Фильтр / Сортировка | D6: Быстрый поиск записей
A7: 3. Расширенный фильтр | B7: Задать критерии в отдельном диапазоне с теми же заголовками, что и в базе. | C7: Данные → Дополнительно | D7: Выборка по нескольким условиям
A8: 4. Статусы и подсветка | B8: Статус рассчитывается по датам; завершённые события отмечаются красным, ближайшие 0–3 дня — жёлтым. | C8: ЕСЛИ, СЕГОДНЯ, условное форматирование | D8: Визуальный контроль сроков
A9: 5. Аналитика | B9: Подсчитать число мероприятий по типам, ответственным и месяцам. | C9: СЧЁТЕСЛИ, СЧЁТЕСЛИМН | D9: Сводный отчёт для руководства
A10: 6. Визуализация | B10: Мини-график показывает месячную динамику количества мероприятий. | C10: Спарклайн / мини-диаграмма | D10: Компактное представление динамики
A11: 7. Печать | B11: Задать область печати, повторять строку заголовков и включить колонтитулы. | C11: Разметка страницы → Печать заголовков | D11: Удобная бумажная копия отчёта
A14: Использование ИИ
A15: ИИ использовался как помощник для структурирования полей, подготовки примеров фильтрации и проверки формул. Итоговые данные и оформление следует проверить самостоятельно перед сдачей.

Sheet Справочники
A1: Справочники для выпадающих списков
A3: Тип мероприятия | B3: Ответственный | C3: Место проведения
A4: Воспитательная работа | B4: Александров А. А. | C4: Актовый зал
A5: ЕГЭ | B5: Иванова Е. Н. | C5: Гимназия № 3
A6: Кубановедение | B6: Кузнецова О. Л. | C6: Кабинет 101
A7: Культура | B7: Петрова И. С. | C7: Кабинет 105
A8: Нормативы | B8: Сидоров В. П. | C8: Кабинет 204
A9: Олимпиада | B9: Смирнов Д. А. | C9: Кабинет 212
A10: Профориентация | C10: Кабинет 310
A11: Родительское собрание | C11: Краеведческий музей
A12: Спорт | C12: КубГУ
C13: Предприятия города
C14: Пункт проведения ЕГЭ № 12
C15: Спортзал школы
C16: Стадион «Спартак»
C17: Территория школы
C18: Школьный двор
C19: Школьный лагерь

Sheet Рефлексия
A1: РЕФЛЕКСИЯ
A4: № | B4: Что нужно было знать / уметь | C4: Знал(а) / Не знал(а) до этого
A5: 1 | B5: Проектирование структуры БД в MS Excel (поля, типы данных)
A6: 2 | B6: Сортировка по одному и нескольким уровням
A7: 3 | B7: Автофильтр и пользовательский (расширенный) фильтр
A8: 4 | B8: Функция СЧЁТЕСЛИМН
A9: 5 | B9: Условное форматирование по формуле (сравнение дат с СЕГОДНЯ)
A10: 6 | B10: Настройка верхнего и нижнего колонтитула для печати
A11: 7 | B11: Настройка области печати и сквозных строк заголовка
A12: 8 | B12: Спарклайны для визуализации динамики мероприятий
A13: 9 | B13: Подготовка «твёрдой копии» отчёта для вышестоящих инстанций
